{
  "project_info": {
    "project_number": "202825543457",
    "project_id": "app1-acaf1",
    "storage_bucket": "app1-acaf1.appspot.com"
  },
  "client": [
    {
      "client_info": {
        "mobilesdk_app_id": "1:202825543457:android:1833be786f93c5828ad860",
        "android_client_info": {
          "package_name": "com.example.app"
        }
      },
      "oauth_client": [
        {
          "client_id": "202825543457-7fsmili0t0qn4nb6njik40v22diugfuu.apps.googleusercontent.com",
          "client_type": 3
        }
      ],
      "api_key": [
        {
          "current_key": "AIzaSyAXOVUmHoyYi0ijrW31O0EZEvyFUGeJ0bg"
        }
      ],
      "services": {
        "appinvite_service": {
          "other_platform_oauth_client": [
            {
              "client_id": "202825543457-7fsmili0t0qn4nb6njik40v22diugfuu.apps.googleusercontent.com",
              "client_type": 3
            }
          ]
        }
      }
    }
  ],
  "configuration_version": "1"
}